language,level,verb,translation
english,A1,be,być
english,A1,have,mieć
english,A1,do,robić
english,A1,say,mówić
english,A1,go,iść
english,A1,get,dostawać
english,A1,make,"robić, tworzyć"
english,A1,know,"wiedzieć, znać"
english,A1,think,myśleć
english,A1,see,widzieć
english,A1,come,przychodzić
english,A1,want,chcieć
english,A1,look,patrzeć
english,A1,use,używać
english,A1,find,znajdować
english,A1,give,dawać
english,A1,tell,powiedzieć
english,A1,work,pracować
english,A1,call,"dzwonić, nazywać"
english,A1,try,próbować
english,A1,ask,pytać
english,A1,need,potrzebować
english,A1,feel,czuć
english,A1,become,stawać się
english,A1,leave,opuszczać
english,A1,put,kłaść
english,A1,mean,znaczyć
english,A1,keep,trzymać
english,A1,let,pozwalać
english,A1,begin,zaczynać
english,A1,seem,wydawać się
english,A1,help,pomagać
english,A1,talk,rozmawiać
english,A1,turn,obracać
english,A1,start,zaczynać
english,A1,show,pokazywać
english,A1,hear,słyszeć
english,A1,play,"grać, bawić się"
english,A1,run,biegać
english,A1,move,ruszać się
english,A1,like,lubić
english,A1,live,"żyć, mieszkać"
english,A1,believe,wierzyć
english,A1,hold,trzymać
english,A1,bring,przynosić
english,A1,happen,dziać się
english,A1,write,pisać
english,A1,sit,siedzieć
english,A1,stand,stać
english,A1,lose,"gubić, przegrywać"
english,A1,pay,płacić
english,A1,meet,spotykać
english,A1,learn,uczyć się
english,A1,change,zmieniać
english,A1,understand,rozumieć
english,A1,watch,oglądać
english,A1,stop,zatrzymywać się
english,A1,speak,mówić
english,A1,read,czytać
english,A1,spend,"spędzać, wydawać"
english,A1,grow,rosnąć
english,A1,open,otwierać
english,A1,walk,chodzić
english,A1,win,wygrywać
english,A1,offer,oferować
english,A1,remember,pamiętać
english,A1,love,kochać
english,A1,wait,czekać
english,A1,send,wysyłać
english,A1,stay,zostawać
english,A1,fall,upadać
english,A1,cut,ciąć
english,A1,sleep,spać
english,A1,eat,jeść
english,A1,drink,pić
english,A1,buy,kupować
english,A1,sell,sprzedawać
english,A1,take,brać
english,A1,close,zamykać
english,A1,fly,latać
english,A1,swim,pływać
english,A1,sing,śpiewać
english,A1,dance,tańczyć
english,A1,drive,prowadzić (samochód)
english,A1,ride,"jeździć (na rowerze, konno)"
english,A1,cook,gotować
english,A1,clean,czyścić
english,A1,wash,myć
english,A1,listen,słuchać
english,A1,study,uczyć się
english,A1,teach,nauczać
english,A1,answer,odpowiadać
english,A1,break,łamać
english,A1,build,budować
english,A1,choose,wybierać
english,A1,draw,rysować
english,A1,dream,"marzyć, śnić"
english,A1,explain,wyjaśniać
english,A1,forget,zapominać
english,A1,hope,mieć nadzieję
english,A1,jump,skakać
english,A1,laugh,śmiać się
english,A1,cry,płakać
english,A1,smile,uśmiechać się
english,A1,paint,malować
english,A1,plan,planować
english,A1,rain,padać (deszcz)
english,A1,rest,odpoczywać
english,A1,share,dzielić się
english,A1,shout,krzyczeć
english,A1,smell,"pachnieć, wąchać"
english,A1,snow,padać (śnieg)
english,A1,wait for,czekać na
english,A1,wake up,budzić się
english,A1,wear,nosić (ubranie)
english,A1,worry,martwić się
english,A1,visit,odwiedzać
english,A1,travel,podróżować
english,A1,touch,dotykać
english,A1,thank,dziękować
english,A1,agree,zgadzać się
english,A1,arrive,przybywać
english,A1,ask for,prosić o
english,A1,borrow,pożyczać (od kogoś)
english,A1,lend,pożyczać (komuś)
english,A1,carry,nosić
english,A1,catch,łapać
english,A1,climb,wspinać się
english,A1,collect,zbierać
english,A1,complain,narzekać
english,A1,count,liczyć
english,A1,decide,decydować
english,A1,die,umierać
english,A1,enjoy,cieszyć się
english,A1,enter,wchodzić
english,A1,finish,kończyć
english,A1,follow,podążać
english,A1,guess,zgadywać
english,A1,hate,nienawidzić
english,A1,hurry,spieszyć się
english,A1,invite,zapraszać
english,A1,join,dołączać
english,A1,kill,zabijać
english,A1,lie,"leżeć, kłamać"
english,A1,marry,poślubić
english,A1,miss,"tęsknić, spóźnić się"
english,A1,order,zamawiać
english,A1,pass,"mijać, zdawać"
english,A1,prepare,przygotowywać
english,A1,promise,obiecywać
english,A1,push,pchać
english,A1,pull,ciągnąć
english,A1,receive,otrzymywać
english,A1,relax,relaksować się
english,A2,accept,akceptować
english,A2,achieve,osiągać
english,A2,act,działać
english,A2,add,dodawać
english,A2,admit,przyznawać
english,A2,advise,radzić
english,A2,afford,pozwolić sobie na
english,A2,allow,pozwalać
english,A2,announce,ogłaszać
english,A2,apologize,przepraszać
english,A2,appear,pojawiać się
english,A2,apply,aplikować
english,A2,argue,kłócić się
english,A2,arrange,organizować
english,A2,arrest,aresztować
english,A2,attack,atakować
english,A2,attend,uczęszczać
english,A2,attract,przyciągać
english,A2,avoid,unikać
english,A2,bake,piec
english,A2,beat,"bić, pokonać"
english,A2,behave,zachowywać się
english,A2,belong,należeć
english,A2,boil,gotować (w wodzie)
english,A2,book,rezerwować
english,A2,breathe,oddychać
english,A2,burn,"palić się, parzyć"
english,A2,calculate,obliczać
english,A2,camp,obozować
english,A2,care,"dbać, przejmować się"
english,A2,cause,powodować
english,A2,celebrate,świętować
english,A2,chat,"rozmawiać, czatować"
english,A2,check,sprawdzać
english,A2,cheer,dopingować
english,A2,clear,"czyścić, wyjaśniać"
english,A2,combine,łączyć
english,A2,communicate,komunikować się
english,A2,compare,porównywać
english,A2,compete,rywalizować
english,A2,complete,ukończyć
english,A2,concentrate,koncentrować się
english,A2,concern,"dotyczyć, martwić"
english,A2,confirm,potwierdzać
english,A2,connect,łączyć
english,A2,consider,rozważać
english,A2,consist,składać się
english,A2,contain,zawierać
english,A2,continue,kontynuować
english,A2,control,kontrolować
english,A2,copy,kopiować
english,A2,correct,poprawiać
english,A2,cost,kosztować
english,A2,cover,przykrywać
english,A2,crash,rozbić się
english,A2,create,tworzyć
english,A2,cross,"przechodzić, krzyżować"
english,A2,damage,uszkadzać
english,A2,deal with,radzić sobie z
english,A2,defend,bronić
english,A2,define,definiować
english,A2,delay,opóźniać
english,A2,deliver,dostarczać
english,A2,depend,zależeć
english,A2,describe,opisywać
english,A2,deserve,zasługiwać
english,A2,design,projektować
english,A2,destroy,niszczyć
english,A2,develop,rozwijać
english,A2,disagree,nie zgadzać się
english,A2,disappear,znikać
english,A2,discover,odkrywać
english,A2,discuss,dyskutować
english,A2,divide,dzielić
english,A2,doubt,wątpić
english,A2,download,pobierać
english,A2,drop,upuszczać
english,A2,earn,zarabiać
english,A2,educate,edukować
english,A2,encourage,zachęcać
english,A2,end,kończyć
english,A2,escape,uciekać
english,A2,examine,badać
english,A2,exist,istnieć
english,A2,expect,oczekiwać
english,A2,experience,doświadczać
english,A2,fail,"oblać, zawieść"
english,A2,fear,bać się
english,A2,feed,karmić
english,A2,fight,walczyć
english,A2,fill,napełniać
english,A2,fix,naprawiać
english,A2,forgive,wybaczać
english,A2,freeze,zamarzać
english,A2,fry,smażyć
english,A2,gather,zbierać
english,A2,greet,witać
english,A2,grow up,dorastać
english,A2,guard,strzec
english,A2,guide,prowadzić
english,A2,handle,"radzić sobie, obsługiwać"
english,A2,hang,wieszać
english,A2,head,kierować się
english,A2,heat,podgrzewać
english,A2,hide,chować
english,A2,hit,uderzać
english,A2,hug,przytulać
english,A2,hunt,polować
english,A2,identify,identyfikować
english,A2,ignore,ignorować
english,A2,imagine,wyobrażać sobie
english,A2,impress,imponować
english,A2,improve,polepszać
english,A2,include,zawierać
english,A2,increase,zwiększać
english,A2,influence,wpływać
english,A2,inform,informować
english,A2,insist,nalegać
english,A2,install,instalować
english,A2,introduce,przedstawiać
english,A2,invent,wynaleźć
english,A2,invest,inwestować
english,A2,iron,prasować
english,A2,joke,żartować
english,A2,judge,"oceniać, sądzić"
english,A2,kick,kopać
english,A2,kiss,całować
english,A2,knock,pukać
english,A2,last,trwać
english,A2,lead,prowadzić
english,A2,lift,podnosić
english,A2,lock,zamykać na klucz
english,A2,manage,zarządzać
english,A2,mark,zaznaczać
english,A2,matter,mieć znaczenie
english,A2,measure,mierzyć
english,A2,mention,wspominać
english,A2,mind,mieć coś przeciwko
english,A2,mix,mieszać
english,A2,notice,zauważać
english,A2,object,sprzeciwiać się
english,A2,observe,obserwować
english,A2,obtain,uzyskiwać
english,A2,occur,wydarzyć się
english,A2,owe,być winnym
english,A2,own,posiadać
english,A2,pack,pakować
english,A2,park,parkować
english,A2,participate,uczestniczyć
english,B1,abandon,porzucać
english,B1,accompany,towarzyszyć
english,B1,accuse,oskarżać
english,B1,acknowledge,"uznawać, przyznawać"
english,B1,acquire,nabywać
english,B1,adapt,adaptować
english,B1,adjust,dostosować
english,B1,admire,podziwiać
english,B1,adopt,adoptować
english,B1,advance,"postępować, awansować"
english,B1,advertise,reklamować
english,B1,affect,wpływać na
english,B1,aid,pomagać
english,B1,aim,celować
english,B1,alter,zmieniać
english,B1,amuse,bawić
english,B1,analyze,analizować
english,B1,anticipate,przewidywać
english,B1,appreciate,doceniać
english,B1,approach,zbliżać się
english,B1,approve,zatwierdzać
english,B1,arise,powstawać
english,B1,arm,uzbrajać
english,B1,assert,"twierdzić, zapewniać"
english,B1,assess,oceniać
english,B1,assign,przypisywać
english,B1,assist,"asystować, pomagać"
english,B1,associate,kojarzyć
english,B1,assume,zakładać
english,B1,assure,zapewniać
english,B1,attach,załączać
english,B1,attempt,próbować
english,B1,attribute,przypisywać
english,B1,await,oczekiwać
english,B1,award,nagradzać
english,B1,back,popierać
english,B1,ban,zakazywać
english,B1,bare,odsłaniać
english,B1,bathe,kąpać się
english,B1,beg,błagać
english,B1,bend,zginać
english,B1,bet,zakładać się
english,B1,bind,wiązać
english,B1,bite,gryźć
english,B1,blame,winić
english,B1,bless,błogosławić
english,B1,blind,oślepiać
english,B1,block,blokować
english,B1,blow,dmuchać
english,B1,boast,chwalić się
english,B1,bond,wiązać
english,B1,bore,nudzić
english,B1,bother,przeszkadzać
english,B1,bounce,odbijać się
english,B1,bow,kłaniać się
english,B1,branch,rozgałęziać się
english,B1,broadcast,nadawać
english,B1,bury,grzebać
english,B1,calm,uspokajać
english,B1,capture,chwytać
english,B1,cast,rzucać
english,B1,cease,przestawać
english,B1,charge,"ładować, oskarżać"
english,B1,chase,gonić
english,B1,cheat,oszukiwać
english,B1,chew,żuć
english,B1,claim,twierdzić
english,B1,clarify,wyjaśniać
english,B1,classify,klasyfikować
english,B1,cling,trzymać się kurczowo
english,B1,collapse,zawalić się
english,B1,collect,zbierać
english,B1,command,rozkazywać
english,B1,comment,komentować
english,B1,commit,popełnić
english,B1,compel,zmuszać
english,B1,compensate,rekompensować
english,B1,complain,narzekać
english,B1,compose,komponować
english,B1,comprehend,rozumieć
english,B1,comprise,składać się z
english,B1,compromise,iść na kompromis
english,B1,compute,obliczać
english,B1,conceal,ukrywać
english,B1,concede,przyznawać
english,B1,conceive,"pojąć, począć"
english,B1,conclude,"wnioskować, kończyć"
english,B1,condemn,potępiać
english,B1,conduct,prowadzić
english,B1,confer,naradzać się
english,B1,confess,wyznawać
english,B1,confide,zwierzać się
english,B1,confine,ograniczać
english,B1,confront,konfrontować
english,B1,confuse,mylić
english,B1,consent,zgadzać się
english,B1,conserve,konserwować
english,B1,console,pocieszać
english,B1,constitute,stanowić
english,B1,construct,konstruować
english,B1,consult,konsultować
english,B1,consume,konsumować
english,B1,contact,kontaktować się
english,B1,contemplate,rozważać
english,B1,contend,"twierdzić, zmagać się"
english,B1,contest,kwestionować
english,B1,contribute,przyczyniać się
english,B1,convert,przekształcać
english,B1,convey,przekazywać
english,B1,convict,skazywać
english,B1,convince,przekonywać
english,B1,cooperate,współpracować
english,B1,cope,radzić sobie
english,B1,correspond,korespondować
english,B1,corrupt,korumpować
english,B1,cough,kaszleć
english,B1,counsel,radzić
english,B1,crack,pękać
english,B1,crawl,czołgać się
english,B1,criticize,krytykować
english,B1,cure,leczyć
english,B1,curve,zakrzywiać
english,B1,dare,ośmielać się
english,B1,deceive,oszukiwać
english,B1,declare,deklarować
english,B1,decline,"odmawiać, spadać"
english,B1,decorate,dekorować
english,B1,decrease,zmniejszać
english,B1,dedicate,dedykować
english,B1,defeat,pokonać
english,B1,defer,odraczać
english,B1,delegate,delegować
english,B1,delight,zachwycać
english,B1,demonstrate,demonstrować
english,B1,deny,zaprzeczać
english,B1,depart,odjeżdżać
english,B1,depict,przedstawiać
english,B1,deposit,wpłacać
english,B1,depress,przygnębiać
english,B1,deprive,pozbawiać
english,B1,derive,czerpać
english,B1,descend,schodzić
english,B1,desert,opuszczać
english,B1,desire,pragnąć
english,B1,despise,gardzić
english,B1,detect,wykrywać
english,B1,determine,"determinować, określać"
english,B1,devote,poświęcać
english,B1,diagnose,diagnozować
english,B2,abide,przestrzegać
english,B2,abolish,znosić
english,B2,absorb,absorbować
english,B2,abuse,nadużywać
english,B2,accelerate,przyspieszać
english,B2,accommodate,zakwaterować
english,B2,accumulate,gromadzić
english,B2,accustom,przyzwyczajać
english,B2,acidify,zakwaszać
english,B2,activate,aktywować
english,B2,adhere,"przylegać, trzymać się"
english,B2,administer,administrować
english,B2,advocate,popierać
english,B2,affirm,potwierdzać
english,B2,afflict,"dotykać, dręczyć"
english,B2,aggregate,gromadzić
english,B2,alienate,zrażać
english,B2,allege,"zarzucać, twierdzić"
english,B2,alleviate,łagodzić
english,B2,allocate,przydzielać
english,B2,amend,poprawiać
english,B2,amplify,wzmacniać
english,B2,annoy,denerwować
english,B2,appall,przerażać
english,B2,appeal,apelować
english,B2,applaud,oklaskiwać
english,B2,appoint,mianować
english,B2,appraise,oceniać
english,B2,ascend,wznosić się
english,B2,ascertain,ustalać
english,B2,aspire,aspirować
english,B2,assault,atakować
english,B2,assemble,"gromadzić, montować"
english,B2,assert,"zapewniać, twierdzić"
english,B2,assign,przypisywać
english,B2,assimilate,asymilować
english,B2,astonish,zdumiewać
english,B2,attain,osiągać
english,B2,audit,kontrolować
english,B2,augment,powiększać
english,B2,authorize,autoryzować
english,B2,avail,korzystać
english,B2,avenge,mścić
english,B2,avert,zapobiegać
english,B2,baffle,"zaskakiwać, zbić z tropu"
english,B2,bang,huknąć
english,B2,banish,wygnać
english,B2,bargain,targować się
english,B2,beam,promieniować
english,B2,behold,ujrzeć
english,B2,bestow,obdarzać
english,B2,betray,zdradzać
english,B2,beware,strzec się
english,B2,bias,uprzedzać
english,B2,bid,licytować
english,B2,blast,wysadzać
english,B2,bleed,krwawić
english,B2,blend,mieszać
english,B2,bloom,kwitnąć
english,B2,blunder,popełnić gafę
english,B2,blur,zacierać
english,B2,blush,rumienić się
english,B2,bombard,bombardować
english,B2,boost,"pobudzać, zwiększać"
english,B2,boycott,bojkotować
english,B2,brace,"usztywniać, przygotować się"
english,B2,breed,hodować
english,B2,brief,instruować
english,B2,broaden,poszerzać
english,B2,browse,przeglądać
english,B2,bruise,siniaczyć
english,B2,bubble,pienić się
english,B2,buckle,zapinać
english,B2,bully,zastraszać
english,B2,bump,uderzyć
english,B2,burst,pękać
english,B2,cater,zaopatrywać
english,B2,certify,poświadczać
english,B2,challenge,wyzywać
english,B2,characterize,charakteryzować
english,B2,circulate,krążyć
english,B2,cite,cytować
english,B2,clash,zderzać się
english,B2,clench,zaciskać
english,B2,click,klikać
english,B2,climax,osiągać punkt kulminacyjny
english,B2,coach,trenować
english,B2,coexist,współistnieć
english,B2,coincide,zbiegać się
english,B2,collaborate,współpracować
english,B2,collide,zderzać się
english,B2,combat,walczyć
english,B2,commence,rozpoczynać
english,B2,commend,chwalić
english,B2,commission,zlecać
english,B2,commute,dojeżdżać
english,B2,compile,kompilować
english,B2,complement,uzupełniać
english,B2,comply,stosować się
english,B2,conceive,wyobrażać sobie
english,B2,concentrate,koncentrować się
english,B2,concern,dotyczyć
english,B2,concur,zgadzać się
english,B2,confer,nadawać
english,B2,configure,konfigurować
english,B2,conform,dostosowywać się
english,B2,congratulate,gratulować
english,B2,congregate,gromadzić się
english,B2,conquer,podbijać
english,B2,consecrate,poświęcać
english,B2,conserve,chronić
english,B2,consign,powierzać
english,B2,consolidate,konsolidować
english,B2,conspire,spiskować
english,B2,consult,konsultować
english,B2,contaminate,zanieczyszczać
english,B2,contradict,zaprzeczać
english,B2,contrast,kontrastować
english,B2,convene,zwoływać
english,B2,converge,zbiegać się
english,B2,converse,rozmawiać
english,B2,coordinate,koordynować
english,B2,correlate,korelować
english,B2,crave,pragnąć
english,B2,creep,skradać się
english,B2,cripple,okaleczyć
english,B2,cruise,płynąć w rejs
english,B2,crumble,kruszyć się
english,B2,crush,miażdżyć
english,B2,cultivate,uprawiać
english,B2,curb,ograniczać
english,B2,dampen,zwilżać
english,B2,dazzle,oślepiać
english,B2,debate,debatować
english,B2,decay,rozkładać się
english,B2,decipher,odszyfrować
english,B2,deduce,dedukować
english,B2,deem,uznawać
english,B2,default,nie uiścić
english,B2,deflect,odchylać
english,B2,deform,deformować
english,B2,defy,przeciwstawiać się
english,B2,degrade,degradować
english,B2,delete,usuwać
english,C1,abate,słabnąć
english,C1,abdicate,abdykować
english,C1,abhor,brzydzić się
english,C1,abound,obfitować
english,C1,abridge,skracać
english,C1,absolve,rozgrzeszać
english,C1,abstain,powstrzymywać się
english,C1,accentuate,akcentować
english,C1,acclaim,oklaskiwać
english,C1,accrue,narastać
english,C1,acquiesce,zgadzać się (niechętnie)
english,C1,adjourn,odraczać
english,C1,admonish,upominać
english,C1,adorn,zdobić
english,C1,adulterate,fałszować
english,C1,affiliate,przyłączać
english,C1,aggravate,pogarszać
english,C1,agitate,agitować
english,C1,ail,dolegać
english,C1,allude,nawiązywać
english,C1,allure,wabić
english,C1,alternate,zmieniać się
english,C1,amalgamate,łączyć
english,C1,ambush,zasadzać się
english,C1,ameliorate,ulepszać
english,C1,annex,anektować
english,C1,annihilate,unicestwiać
english,C1,annul,anulować
english,C1,anoint,namaszczać
english,C1,antagonize,antagonizować
english,C1,appease,łagodzić
english,C1,appertain,przynależeć
english,C1,arbitrate,rozsądzać
english,C1,arouse,wzbudzać
english,C1,arraign,oskarżać
english,C1,articulate,wyrażać
english,C1,assent,zgadzać się
english,C1,attest,zaświadczać
english,C1,auction,licytować
english,C1,audit,rewidować
english,C1,avert,odwracać
english,C1,badger,dręczyć
english,C1,balk,wzbraniać się
english,C1,bask,wygrzewać się
english,C1,belittle,umniejszać
english,C1,bemoan,opłakiwać
english,C1,bemuse,oszałamiać
english,C1,bequeath,zapisywać w testamencie
english,C1,berate,besztać
english,C1,beseech,błagać
english,C1,besiege,oblegać
english,C1,bewilder,oszałamiać
english,C1,bicker,sprzeczać się
english,C1,blab,wygadać
english,C1,blackmail,szantażować
english,C1,bolster,wzmacniać
english,C1,brandish,wymachiwać
english,C1,breach,naruszać
english,C1,brood,rozmyślać
english,C1,browbeat,zastraszać
english,C1,bungle,partaczyć
english,C1,buoy,podtrzymywać na duchu
english,C1,burgeon,rozwijać się
english,C1,buttress,podpierać
english,C1,cajole,nakłaniać
english,C1,calibrate,kalibrować
english,C1,canvass,agitować
english,C1,capitulate,kapitulować
english,C1,captivate,urzekać
english,C1,caress,pieścić
english,C1,castigate,karać
english,C1,censor,cenzurować
english,C1,chastise,karać
english,C1,chronicle,kronikować
english,C1,circumnavigate,opływać
english,C1,circumvent,omijać
english,C1,coerce,zmuszać
english,C1,commemorate,upamiętniać
english,C1,commiserate,współczuć
english,C1,condense,skraplać
english,C1,condone,tolerować
english,C1,confiscate,konfiskować
english,C1,confound,mieszać
english,C1,congeal,krzepnąć
english,C1,congregate,gromadzić się
english,C1,conjure,wyczarowywać
english,C1,connote,kojarzyć się
english,C1,conscript,pobierać do wojska
english,C1,consecrate,poświęcać
english,C1,contravene,naruszać
english,C1,corroborate,potwierdzać
english,C1,cower,kulić się
english,C1,curtail,ograniczać
english,C1,dabble,parać się
english,C1,daunt,zniechęcać
english,C1,debilitate,osłabiać
english,C1,debunk,demaskować
english,C1,decimate,dziesiątkować
english,C1,deduct,odliczać
english,C1,defame,zniesławiać
english,C1,defraud,defraudować
english,C1,degenerate,degenerować się
english,C1,dehydrate,odwadniać
english,C1,deliberate,rozważać
english,C1,delineate,nakreślać
english,C1,delude,łudzić
english,C1,demolish,burzyć
english,C1,denounce,potępiać
english,C1,deplete,wyczerpywać
english,C1,deplore,ubolewać
english,C1,deploy,rozmieszczać
english,C1,deport,deportować
english,C1,deprave,deprawować
english,C1,deprecate,potępiać
english,C1,deride,szydzić
english,C1,desecrate,bezcześcić
english,C1,designate,wyznaczać
english,C1,desist,zaprzestawać
english,C1,despair,rozpaczać
english,C1,deter,odstraszać
english,C1,deteriorate,pogarszać się
english,C1,detest,nienawidzić
english,C1,detonate,detonować
english,C1,detract,umniejszać
english,C1,devastate,dewastować
english,C1,deviate,odbiegać
english,C1,devise,wymyślać
english,C1,devour,pochłaniać
english,C1,dictate,dyktować
english,C1,differentiate,różnicować
english,C1,diffuse,rozpraszać
english,C1,digress,robić dygresję
english,C1,dilate,rozszerzać
english,C1,diminish,zmniejszać
english,C1,disable,okaleczać
english,C1,disarm,rozbrajać
english,C1,disband,rozwiązywać
english,C1,disburse,wypłacać
english,C1,discard,odrzucać
english,C1,discern,rozróżniać
english,C2,abnegate,wyrzekać się
english,C2,abrogate,uchylać
english,C2,abscond,zbiec
english,C2,accede,przystępować
english,C2,adduce,przytaczać
english,C2,adjudicate,rozsądzać
english,C2,adumbrate,naszkicować
english,C2,aggrandize,powiększać
english,C2,allocate,przydzielać
english,C2,allay,uspokajać
english,C2,amortize,amortyzować
english,C2,annotate,opatrywać przypisami
english,C2,apostrophize,apostrofować
english,C2,apprise,informować
english,C2,appropriate,przywłaszczać
english,C2,arrogate,uzurpować
english,C2,asperse,oczerniać
english,C2,asseverate,zapewniać
english,C2,assuage,łagodzić
english,C2,atone,odpokutować
english,C2,atrophy,zanikać
english,C2,attenuate,osłabiać
english,C2,aver,twierdzić
english,C2,bamboozle,ogłupiać
english,C2,bedeck,przystrajać
english,C2,bedraggle,ubłocić
english,C2,befuddle,ogłupiać
english,C2,beget,płodzić
english,C2,begrudge,zazdrościć
english,C2,beguile,uwodzić
english,C2,belabor,wałkować
english,C2,beleaguer,nękać
english,C2,belie,zadawać kłam
english,C2,besmirch,plamić
english,C2,bifurcate,rozdwajać się
english,C2,bilk,wyłudzać
english,C2,blight,niszczyć
english,C2,brandish,potrząsać
english,C2,brook,znosić
english,C2,burnish,polerować
english,C2,calumniate,oczerniać
english,C2,canonize,kanonizować
english,C2,canvass,badać opinię
english,C2,carp,narzekać
english,C2,cavil,czepiać się
english,C2,cavort,brykać
english,C2,chasten,karcić
english,C2,chide,strofować
english,C2,circumscribe,ograniczać
english,C2,cloy,przesycać
english,C2,coalesce,łączyć się
english,C2,coddle,rozpieszczać
english,C2,cogitate,rozmyślać
english,C2,collate,porównywać
english,C2,comport,zachowywać się
english,C2,conflate,łączyć
english,C2,confute,obalać
english,C2,connive,patrzeć przez palce
english,C2,consecrate,poświęcać
english,C2,construe,interpretować
english,C2,consummate,doprowadzać do końca
english,C2,contemn,gardzić
english,C2,controvert,kwestionować
english,C2,convoke,zwoływać
english,C2,coruscate,błyszczeć
english,C2,cosset,pieścić
english,C2,countenance,aprobować
english,C2,countermand,odwoływać
english,C2,cozen,oszukiwać
english,C2,cremate,kremować
english,C2,culminate,kulminować
english,C2,dally,bawić się
english,C2,debase,poniżać
english,C2,decry,potępiać
english,C2,deface,szpecić
english,C2,defalcate,defraudować
english,C2,defenestrate,wyrzucić przez okno
english,C2,delaminate,rozwarstwiać się
english,C2,demur,wahać się
english,C2,denigrate,oczerniać
english,C2,denude,ogołacać
english,C2,depose,detronizować
english,C2,depredate,rabować
english,C2,deracinate,wykorzeniać
english,C2,descry,dostrzegać
english,C2,despoil,łupić
english,C2,desquamate,złuszczać się
english,C2,diatribe,diatryba
english,C2,diffract,uginać
english,C2,disabuse,wyprowadzać z błędu
english,C2,disaffect,zrażać
english,C2,disavow,wyrzekać się
english,C2,discomfit,peszyć
english,C2,disconcert,zaskakiwać
english,C2,discourse,dyskurs
english,C2,disentangle,rozplątywać
english,C2,disgorge,wyrzucać z siebie
english,C2,dishevel,mierzwić
english,C2,disinter,odkopywać
english,C2,disparage,dyskredytować
english,C2,disport,bawić się
english,C2,dissemble,udawać
english,C2,disseminate,rozpowszechniać
english,C2,dissipate,rozpraszać
english,C2,dissociate,dystansować się
english,C2,distend,rozdymać
english,C2,divagate,błądzić
english,C2,divest,pozbawiać
english,C2,divulge,ujawniać
english,C2,dogmatize,dogmatyzować
english,C2,dovetail,pasować
english,C2,dulcify,osładzać
english,C2,echelon,szczebel
english,C2,efface,zacierać
english,C2,effervesce,musować
english,C2,effloresce,kwitnąć
english,C2,effuse,wylewać
english,C2,egress,wychodzić
english,C2,ejaculate,wytryskiwać
english,C2,elide,pomijać
english,C2,elucidate,wyjaśniać
english,C2,emanate,emanować
english,C2,emancipate,emancypować
english,C2,embellish,upiększać
english,C2,embezzle,defraudować
english,C2,emblazon,ozdabiać
english,C2,emboss,wytłaczać
english,C2,emend,poprawiać
english,C2,emulate,naśladować
english,C2,enact,uchwalać
english,C2,encapsulate,streszczać
english,C2,encroach,naruszać
english,C2,encumber,obciążać
english,C2,endear,przypodobać się
english,C2,enervate,osłabiać
english,C2,enfeeble,osłabiać
english,C2,enfranchise,udzielać praw
english,C2,engender,powodować
english,C2,engrave,grawerować
english,C2,engross,pochłaniać
english,C2,enjoin,nakazywać
english,C2,enmesh,wplątywać
english,C2,ensconce,zaszyć się
english,C2,enshrine,przechowywać
english,C2,ensnare,usidlać
english,C2,enthrall,oczarowywać
english,C2,entreat,błagać
english,C2,enunciate,wymawiać
english,C2,envenom,zatruwać
english,C2,envision,wyobrażać sobie
english,C2,epitomize,być uosobieniem
english,C2,equivocate,mówić dwuznacznie
spanish,A1,ser,być (cecha stała)
spanish,A1,estar,"być (stan, położenie)"
spanish,A1,tener,mieć
spanish,A1,hacer,robić
spanish,A1,ir,iść
spanish,A1,poder,móc
spanish,A1,decir,mówić
spanish,A1,querer,chcieć
spanish,A1,ver,widzieć
spanish,A1,dar,dawać
spanish,A1,saber,wiedzieć
spanish,A1,poner,kłaść
spanish,A1,venir,przychodzić
spanish,A1,hablar,"mówić, rozmawiać"
spanish,A1,comer,jeść
spanish,A1,vivir,żyć
spanish,A1,necesitar,potrzebować
spanish,A1,llamar,"dzwonić, nazywać"
spanish,A1,tomar,"brać, pić"
spanish,A1,escribir,pisać
spanish,A1,leer,czytać
spanish,A1,abrir,otwierać
spanish,A1,cerrar,zamykać
spanish,A1,gustar,podobać się
spanish,A1,trabajar,pracować
spanish,A1,comprar,kupować
spanish,A1,vender,sprzedawać
spanish,A1,aprender,uczyć się
spanish,A1,enseñar,nauczać
spanish,A1,entender,rozumieć
spanish,A1,empezar,zaczynać
spanish,A1,terminar,kończyć
spanish,A1,volver,wracać
spanish,A1,pensar,myśleć
spanish,A1,encontrar,znajdować
spanish,A1,sentir,czuć
spanish,A1,seguir,"kontynuować, iść za"
spanish,A1,perder,"gubić, przegrywać"
spanish,A1,jugar,"grać, bawić się"
spanish,A1,conocer,znać
spanish,A1,salir,wychodzić
spanish,A1,llegar,przybywać
spanish,A1,creer,wierzyć
spanish,A1,pasar,"mijać, spędzać"
spanish,A1,deber,musieć (mieć obowiązek)
spanish,A1,quedar,zostawać
spanish,A1,llevar,"nosić, zabierać"
spanish,A1,dejar,"zostawiać, pozwalać"
spanish,A1,contar,"liczyć, opowiadać"
spanish,A1,parecer,wydawać się
spanish,A1,ayudar,pomagać
spanish,A1,buscar,szukać
spanish,A1,esperar,"czekać, mieć nadzieję"
spanish,A1,entrar,wchodzić
spanish,A1,sacar,wyjmować
spanish,A1,mirar,patrzeć
spanish,A1,escuchar,słuchać
spanish,A1,pagar,płacić
spanish,A1,viajar,podróżować
spanish,A1,cocinar,gotować
spanish,A1,limpiar,czyścić
spanish,A1,lavar,myć
spanish,A1,dormir,spać
spanish,A1,despertar,budzić się
spanish,A1,levantarse,wstawać
spanish,A1,acostarse,kłaść się spać
spanish,A1,vestirse,ubierać się
spanish,A1,beber,pić
spanish,A1,correr,biegać
spanish,A1,caminar,chodzić
spanish,A1,cantar,śpiewać
spanish,A1,bailar,tańczyć
spanish,A1,nadar,pływać
spanish,A1,conducir,prowadzić (samochód)
spanish,A1,montar,"jeździć (na rowerze, konno)"
spanish,A1,usar,używać
spanish,A1,probar,próbować
spanish,A1,preguntar,pytać
spanish,A1,responder,odpowiadać
spanish,A1,ganar,"wygrywać, zarabiać"
spanish,A1,gastar,wydawać
spanish,A1,amar,kochać
spanish,A1,odiar,nienawidzić
spanish,A1,recordar,pamiętać
spanish,A1,olvidar,zapominać
spanish,A1,mostrar,pokazywać
spanish,A1,oír,słyszeć
spanish,A1,traer,przynosić
spanish,A1,sentarse,siadać
spanish,A1,pararse,wstawać
spanish,A1,cambiar,zmieniać
spanish,A1,parar,zatrzymywać się
spanish,A1,hablar,mówić
spanish,A1,leer,czytać
spanish,A1,gastar,wydawać
spanish,A1,crecer,rosnąć
spanish,A1,abrir,otwierać
spanish,A1,ganar,wygrywać
spanish,A1,ofrecer,oferować
spanish,A1,recordar,pamiętać
spanish,A1,amar,kochać
spanish,A1,esperar,czekać
spanish,A1,enviar,wysyłać
spanish,A1,quedarse,zostawać
spanish,A1,caer,upadać
spanish,A1,cortar,ciąć
spanish,A1,dormir,spać
spanish,A1,comer,jeść
spanish,A1,beber,pić
spanish,A1,comprar,kupować
spanish,A1,vender,sprzedawać
spanish,A1,tomar,brać
spanish,A1,cerrar,zamykać
spanish,A1,volar,latać
spanish,A1,nadar,pływać
spanish,A1,cantar,śpiewać
spanish,A1,bailar,tańczyć
spanish,A1,conducir,prowadzić
spanish,A1,montar,jeździć
spanish,A1,cocinar,gotować
spanish,A1,limpiar,czyścić
spanish,A1,lavar,myć
spanish,A1,escuchar,słuchać
spanish,A1,estudiar,uczyć się
spanish,A1,enseñar,nauczać
spanish,A1,responder,odpowiadać
spanish,A1,romper,łamać
spanish,A1,construir,budować
spanish,A1,elegir,wybierać
spanish,A1,dibujar,rysować
spanish,A1,soñar,"marzyć, śnić"
spanish,A1,explicar,wyjaśniać
spanish,A1,olvidar,zapominać
spanish,A1,esperar,mieć nadzieję
spanish,A1,saltar,skakać
spanish,A1,reír,śmiać się
spanish,A1,llorar,płakać
spanish,A1,sonreír,uśmiechać się
spanish,A1,pintar,malować
spanish,A1,planear,planować
spanish,A1,llover,padać (deszcz)
spanish,A1,descansar,odpoczywać
spanish,A1,compartir,dzielić się
spanish,A1,gritar,krzyczeć
spanish,A1,oler,"pachnieć, wąchać"
spanish,A1,nevar,padać (śnieg)
spanish,A1,despertarse,budzić się
spanish,A1,llevar puesto,nosić (ubranie)
spanish,A1,preocuparse,martwić się
spanish,A2,aceptar,akceptować
spanish,A2,lograr,osiągać
spanish,A2,actuar,działać
spanish,A2,añadir,dodawać
spanish,A2,admitir,przyznawać
spanish,A2,aconsejar,radzić
spanish,A2,permitirse,pozwolić sobie na
spanish,A2,permitir,pozwalać
spanish,A2,anunciar,ogłaszać
spanish,A2,disculparse,przepraszać
spanish,A2,aparecer,pojawiać się
spanish,A2,solicitar,aplikować
spanish,A2,discutir,kłócić się
spanish,A2,organizar,organizować
spanish,A2,arrestar,aresztować
spanish,A2,atacar,atakować
spanish,A2,asistir,uczęszczać
spanish,A2,atraer,przyciągać
spanish,A2,evitar,unikać
spanish,A2,hornear,piec
spanish,A2,golpear,"bić, pokonać"
spanish,A2,comportarse,zachowywać się
spanish,A2,pertenecer,należeć
spanish,A2,hervir,gotować (w wodzie)
spanish,A2,reservar,rezerwować
spanish,A2,respirar,oddychać
spanish,A2,quemar,"palić się, parzyć"
spanish,A2,calcular,obliczać
spanish,A2,acampar,obozować
spanish,A2,importar,"dbać, przejmować się"
spanish,A2,causar,powodować
spanish,A2,celebrar,świętować
spanish,A2,charlar,"rozmawiać, czatować"
spanish,A2,revisar,sprawdzać
spanish,A2,animar,dopingować
spanish,A2,aclarar,"czyścić, wyjaśniać"
spanish,A2,combinar,łączyć
spanish,A2,comunicarse,komunikować się
spanish,A2,comparar,porównywać
spanish,A2,competir,rywalizować
spanish,A2,quejarse,narzekać
spanish,A2,completar,ukończyć
spanish,A2,concentrarse,koncentrować się
spanish,A2,concernir,"dotyczyć, martwić"
spanish,A2,confirmar,potwierdzać
spanish,A2,conectar,łączyć
spanish,A2,considerar,rozważać
spanish,A2,consistir,składać się
spanish,A2,contener,zawierać
spanish,A2,continuar,kontynuować
spanish,A2,controlar,kontrolować
spanish,A2,copiar,kopiować
spanish,A2,corregir,poprawiać
spanish,A2,costar,kosztować
spanish,A2,cubrir,przykrywać
spanish,A2,chocar,rozbić się
spanish,A2,crear,tworzyć
spanish,A2,cruzar,"przechodzić, krzyżować"
spanish,A2,dañar,uszkadzać
spanish,A2,lidiar con,radzić sobie z
spanish,A2,defender,bronić
spanish,A2,definir,definiować
spanish,A2,retrasar,opóźniać
spanish,A2,entregar,dostarczać
spanish,A2,depender,zależeć
spanish,A2,describir,opisywać
spanish,A2,merecer,zasługiwać
spanish,A2,diseñar,projektować
spanish,A2,destruir,niszczyć
spanish,A2,desarrollar,rozwijać
spanish,A2,no estar de acuerdo,nie zgadzać się
spanish,A2,desaparecer,znikać
spanish,A2,descubrir,odkrywać
spanish,A2,discutir,dyskutować
spanish,A2,dividir,dzielić
spanish,A2,dudar,wątpić
spanish,A2,descargar,pobierać
spanish,A2,dejar caer,upuszczać
spanish,A2,ganar (dinero),zarabiać
spanish,A2,educar,edukować
spanish,A2,animar,zachęcać
spanish,A2,terminar,kończyć
spanish,A2,escapar,uciekać
spanish,A2,examinar,badać
spanish,A2,existir,istnieć
spanish,A2,esperar (oczekiwać),oczekiwać
spanish,A2,experimentar,doświadczać
spanish,A2,fallar,"oblać, zawieść"
spanish,A2,temer,bać się
spanish,A2,alimentar,karmić
spanish,A2,luchar,walczyć
spanish,A2,llenar,napełniać
spanish,A2,arreglar,naprawiać
spanish,A2,perdonar,wybaczać
spanish,A2,congelar,zamarzać
spanish,A2,freír,smażyć
spanish,A2,reunir,zbierać
spanish,A2,saludar,witać
spanish,A2,crecer,dorastać
spanish,A2,vigilar,strzec
spanish,A2,guiar,prowadzić
spanish,A2,manejar,"radzić sobie, obsługiwać"
spanish,A2,colgar,wieszać
spanish,A2,dirigirse,kierować się
spanish,A2,calentar,podgrzewać
spanish,A2,esconder,chować
spanish,A2,golpear,uderzać
spanish,A2,abrazar,przytulać
spanish,A2,cazar,polować
spanish,A2,identificar,identyfikować
spanish,A2,ignorar,ignorować
spanish,A2,imaginar,wyobrażać sobie
spanish,A2,impresionar,imponować
spanish,A2,mejorar,polepszać
spanish,A2,incluir,zawierać
spanish,A2,aumentar,zwiększać
spanish,A2,influir,wpływać
spanish,A2,informar,informować
spanish,A2,insistir,nalegać
spanish,A2,instalar,instalować
spanish,A2,presentar,przedstawiać
spanish,A2,inventar,wynaleźć
spanish,A2,invertir,inwestować
spanish,A2,planchar,prasować
spanish,A2,bromear,żartować
spanish,A2,juzgar,"oceniać, sądzić"
spanish,A2,patear,kopać
spanish,A2,besar,całować
spanish,A2,llamar a la puerta,pukać
spanish,A2,durar,trwać
spanish,A2,dirigir,prowadzić
spanish,A2,levantar,podnosić
spanish,A2,cerrar con llave,zamykać na klucz
spanish,A2,gestionar,zarządzać
spanish,A2,marcar,zaznaczać
spanish,A2,importar,mieć znaczenie
spanish,A2,medir,mierzyć
spanish,A2,mencionar,wspominać
spanish,A2,importar (molestar),mieć coś przeciwko
spanish,A2,mezclar,mieszać
spanish,A2,notar,zauważać
spanish,B1,abandonar,porzucać
spanish,B1,acompañar,towarzyszyć
spanish,B1,acusar,oskarżać
spanish,B1,reconocer,"uznawać, przyznawać"
spanish,B1,adquirir,nabywać
spanish,B1,adaptar,adaptować
spanish,B1,ajustar,dostosować
spanish,B1,admirar,podziwiać
spanish,B1,adoptar,adoptować
spanish,B1,avanzar,"postępować, awansować"
spanish,B1,anunciar,reklamować
spanish,B1,afectar,wpływać na
spanish,B1,ayudar,pomagać
spanish,B1,apuntar,celować
spanish,B1,alterar,zmieniać
spanish,B1,divertir,bawić
spanish,B1,analizar,analizować
spanish,B1,anticipar,przewidywać
spanish,B1,apreciar,doceniać
spanish,B1,acercarse,zbliżać się
spanish,B1,aprobar,zatwierdzać
spanish,B1,surgir,powstawać
spanish,B1,armar,uzbrajać
spanish,B1,afirmar,"twierdzić, zapewniać"
spanish,B1,evaluar,oceniać
spanish,B1,asignar,przypisywać
spanish,B1,asistir,"asystować, pomagać"
spanish,B1,asociar,kojarzyć
spanish,B1,asumir,zakładać
spanish,B1,asegurar,zapewniać
spanish,B1,adjuntar,załączać
spanish,B1,intentar,próbować
spanish,B1,atribuir,przypisywać
spanish,B1,esperar,oczekiwać
spanish,B1,premiar,nagradzać
spanish,B1,respaldar,popierać
spanish,B1,prohibir,zakazywać
spanish,B1,descubrir,odsłaniać
spanish,B1,bañarse,kąpać się
spanish,B1,rogar,błagać
spanish,B1,doblar,zginać
spanish,B1,apostar,zakładać się
spanish,B1,atar,wiązać
spanish,B1,morder,gryźć
spanish,B1,culpar,winić
spanish,B1,bendecir,błogosławić
spanish,B1,cegar,oślepiać
spanish,B1,bloquear,blokować
spanish,B1,soplar,dmuchać
spanish,B1,presumir,chwalić się
spanish,B1,vincular,wiązać
spanish,B1,aburrir,nudzić
spanish,B1,molestar,przeszkadzać
spanish,B1,rebotar,odbijać się
spanish,B1,inclinar,kłaniać się
spanish,B1,ramificar,rozgałęziać się
spanish,B1,transmitir,nadawać
spanish,B1,enterrar,grzebać
spanish,B1,calmar,uspokajać
spanish,B1,capturar,chwytać
spanish,B1,lanzar,rzucać
spanish,B1,cesar,przestawać
spanish,B1,cargar,"ładować, oskarżać"
spanish,B1,perseguir,gonić
spanish,B1,engañar,oszukiwać
spanish,B1,masticar,żuć
spanish,B1,reclamar,twierdzić
spanish,B1,aclarar,wyjaśniać
spanish,B1,clasificar,klasyfikować
spanish,B1,aferrarse,trzymać się kurczowo
spanish,B1,colapsar,zawalić się
spanish,B1,recoger,zbierać
spanish,B1,mandar,rozkazywać
spanish,B1,comentar,komentować
spanish,B1,cometer,popełnić
spanish,B1,obligar,zmuszać
spanish,B1,compensar,rekompensować
spanish,B1,componer,komponować
spanish,B1,comprender,rozumieć
spanish,B1,comprometer,iść na kompromis
spanish,B1,calcular,obliczać
spanish,B1,ocultar,ukrywać
spanish,B1,conceder,przyznawać
spanish,B1,concebir,"pojąć, począć"
spanish,B1,concluir,"wnioskować, kończyć"
spanish,B1,condenar,potępiać
spanish,B1,conducir,prowadzić
spanish,B1,conferir,naradzać się
spanish,B1,confesar,wyznawać
spanish,B1,confiar,zwierzać się
spanish,B1,confinar,ograniczać
spanish,B1,confrontar,konfrontować
spanish,B1,confundir,mylić
spanish,B1,consentir,zgadzać się
spanish,B1,conservar,konserwować
spanish,B1,consolar,pocieszać
spanish,B1,constituir,stanowić
spanish,B1,construir,konstruować
spanish,B1,consultar,konsultować
spanish,B1,consumir,konsumować
spanish,B1,contactar,kontaktować się
spanish,B1,contemplar,rozważać
spanish,B1,contender,"twierdzić, zmagać się"
spanish,B1,contestar,kwestionować
spanish,B1,contribuir,przyczyniać się
spanish,B1,convertir,przekształcać
spanish,B1,transmitir,przekazywać
spanish,B1,condenar,skazywać
spanish,B1,convencer,przekonywać
spanish,B1,cooperar,współpracować
spanish,B1,afrontar,radzić sobie
spanish,B1,corresponder,korespondować
spanish,B1,corromper,korumpować
spanish,B1,toser,kaszleć
spanish,B1,aconsejar,radzić
spanish,B1,agrietar,pękać
spanish,B1,gatear,czołgać się
spanish,B1,criticar,krytykować
spanish,B1,curar,leczyć
spanish,B1,curvar,zakrzywiać
spanish,B1,atreverse,ośmielać się
spanish,B1,engañar,oszukiwać
spanish,B1,declarar,deklarować
spanish,B1,declinar,"odmawiać, spadać"
spanish,B1,decorar,dekorować
spanish,B1,disminuir,zmniejszać
spanish,B1,dedicar,dedykować
spanish,B1,derrotar,pokonać
spanish,B1,diferir,odraczać
spanish,B1,delegar,delegować
spanish,B1,deleitar,zachwycać
spanish,B1,demostrar,demonstrować
spanish,B1,negar,zaprzeczać
spanish,B1,partir,odjeżdżać
spanish,B1,representar,przedstawiać
spanish,B1,depositar,wpłacać
spanish,B1,deprimir,przygnębiać
spanish,B1,privar,pozbawiać
spanish,B1,derivar,czerpać
spanish,B1,descender,schodzić
spanish,B1,desertar,opuszczać
spanish,B1,desear,pragnąć
spanish,B1,despreciar,gardzić
spanish,B1,detectar,wykrywać
spanish,B1,determinar,"determinować, określać"
spanish,B1,dedicar,poświęcać
spanish,B1,diagnosticar,diagnozować
spanish,B2,respetar,przestrzegać
spanish,B2,abolir,znosić
spanish,B2,absorber,absorbować
spanish,B2,abusar,nadużywać
spanish,B2,acelerar,przyspieszać
spanish,B2,acomodar,zakwaterować
spanish,B2,acumular,gromadzić
spanish,B2,acostumbrar,przyzwyczajać
spanish,B2,acidificar,zakwaszać
spanish,B2,activar,aktywować
spanish,B2,adherir,"przylegać, trzymać się"
spanish,B2,administrar,administrować
spanish,B2,abogar,popierać
spanish,B2,afirmar,potwierdzać
spanish,B2,afligir,"dotykać, dręczyć"
spanish,B2,agregar,gromadzić
spanish,B2,alienar,zrażać
spanish,B2,alegar,"zarzucać, twierdzić"
spanish,B2,aliviar,łagodzić
spanish,B2,asignar,przydzielać
spanish,B2,enmendar,poprawiać
spanish,B2,amplificar,wzmacniać
spanish,B2,molestar,denerwować
spanish,B2,horrorizar,przerażać
spanish,B2,apelar,apelować
spanish,B2,aplaudir,oklaskiwać
spanish,B2,nombrar,mianować
spanish,B2,valorar,oceniać
spanish,B2,ascender,wznosić się
spanish,B2,averiguar,ustalać
spanish,B2,aspirar,aspirować
spanish,B2,asaltar,atakować
spanish,B2,ensamblar,"gromadzić, montować"
spanish,B2,aseverar,"zapewniać, twierdzić"
spanish,B2,asimilar,asymilować
spanish,B2,asombrar,zdumiewać
spanish,B2,alcanzar,osiągać
spanish,B2,auditar,kontrolować
spanish,B2,aumentar,powiększać
spanish,B2,autorizar,autoryzować
spanish,B2,aprovechar,korzystać
spanish,B2,vengar,mścić
spanish,B2,evitar,zapobiegać
spanish,B2,desconcertar,"zaskakiwać, zbić z tropu"
spanish,B2,golpear,huknąć
spanish,B2,desterrar,wygnać
spanish,B2,negociar,targować się
spanish,B2,irradiar,promieniować
spanish,B2,contemplar,ujrzeć
spanish,B2,otorgar,obdarzać
spanish,B2,traicionar,zdradzać
spanish,B2,tener cuidado,strzec się
spanish,B2,sesgar,uprzedzać
spanish,B2,pujar,licytować
spanish,B2,explotar,wysadzać
spanish,B2,sangrar,krwawić
spanish,B2,mezclar,mieszać
spanish,B2,florecer,kwitnąć
spanish,B2,meter la pata,popełnić gafę
spanish,B2,desdibujar,zacierać
spanish,B2,sonrojarse,rumienić się
spanish,B2,bombardear,bombardować
spanish,B2,impulsar,"pobudzać, zwiększać"
spanish,B2,boicotear,bojkotować
spanish,B2,prepararse,"usztywniać, przygotować się"
spanish,B2,criar,hodować
spanish,B2,informar,instruować
spanish,B2,ampliar,poszerzać
spanish,B2,navegar,przeglądać
spanish,B2,magullar,siniaczyć
spanish,B2,burbujear,pienić się
spanish,B2,abrochar,zapinać
spanish,B2,intimidar,zastraszać
spanish,B2,chocar,uderzyć
spanish,B2,estallar,pękać
spanish,B2,abastecer,zaopatrywać
spanish,B2,certificar,poświadczać
spanish,B2,desafiar,wyzywać
spanish,B2,caracterizar,charakteryzować
spanish,B2,circular,krążyć
spanish,B2,citar,cytować
spanish,B2,chocar,zderzać się
spanish,B2,apretar,zaciskać
spanish,B2,hacer clic,klikać
spanish,B2,culminar,osiągać punkt kulminacyjny
spanish,B2,entrenar,trenować
spanish,B2,coexistir,współistnieć
spanish,B2,coincidir,zbiegać się
spanish,B2,colaborar,współpracować
spanish,B2,colisionar,zderzać się
spanish,B2,combatir,walczyć
spanish,B2,comenzar,rozpoczynać
spanish,B2,elogiar,chwalić
spanish,B2,encargar,zlecać
spanish,B2,viajar diariamente,dojeżdżać
spanish,B2,compilar,kompilować
spanish,B2,complementar,uzupełniać
spanish,B2,cumplir,stosować się
spanish,B2,concebir,wyobrażać sobie
spanish,B2,concentrarse,koncentrować się
spanish,B2,concernir,dotyczyć
spanish,B2,concurrir,zgadzać się
spanish,B2,conferir,nadawać
spanish,B2,configurar,konfigurować
spanish,B2,conformarse,dostosowywać się
spanish,B2,felicitar,gratulować
spanish,B2,congregarse,gromadzić się
spanish,B2,conquistar,podbijać
spanish,B2,consagrar,poświęcać
spanish,B2,conservar,chronić
spanish,B2,consignar,powierzać
spanish,B2,consolidar,konsolidować
spanish,B2,conspirar,spiskować
spanish,B2,consultar,konsultować
spanish,B2,contaminar,zanieczyszczać
spanish,B2,contradecir,zaprzeczać
spanish,B2,contrastar,kontrastować
spanish,B2,convocar,zwoływać
spanish,B2,converger,zbiegać się
spanish,B2,conversar,rozmawiać
spanish,B2,coordinar,koordynować
spanish,B2,correlacionar,korelować
spanish,B2,anhelar,pragnąć
spanish,B2,arrastrarse,skradać się
spanish,B2,lisiar,okaleczyć
spanish,B2,hacer un crucero,płynąć w rejs
spanish,B2,desmoronarse,kruszyć się
spanish,B2,aplastar,miażdżyć
spanish,B2,cultivar,uprawiać
spanish,B2,frenar,ograniczać
spanish,B2,humedecer,zwilżać
spanish,B2,deslumbrar,oślepiać
spanish,B2,debatir,debatować
spanish,B2,decaer,rozkładać się
spanish,B2,descifrar,odszyfrować
spanish,B2,deducir,dedukować
spanish,B2,considerar,uznawać
spanish,B2,incumplir,nie uiścić
spanish,B2,desviar,odchylać
spanish,B2,deformar,deformować
spanish,B2,desafiar,przeciwstawiać się
spanish,B2,degradar,degradować
spanish,B2,eliminar,usuwać
spanish,C1,disminuir,słabnąć
spanish,C1,abdicar,abdykować
spanish,C1,aborrecer,brzydzić się
spanish,C1,abundar,obfitować
spanish,C1,abreviar,skracać
spanish,C1,absolver,rozgrzeszać
spanish,C1,abstenerse,powstrzymywać się
spanish,C1,acentuar,akcentować
spanish,C1,aclamar,oklaskiwać
spanish,C1,acumularse,narastać
spanish,C1,consentir,zgadzać się (niechętnie)
spanish,C1,aplazar,odraczać
spanish,C1,amonestar,upominać
spanish,C1,adornar,zdobić
spanish,C1,adulterar,fałszować
spanish,C1,afiliar,przyłączać
spanish,C1,agravar,pogarszać
spanish,C1,agitar,agitować
spanish,C1,doler,dolegać
spanish,C1,aludir,nawiązywać
spanish,C1,seducir,wabić
spanish,C1,alternar,zmieniać się
spanish,C1,fusionar,łączyć
spanish,C1,emboscar,zasadzać się
spanish,C1,mejorar,ulepszać
spanish,C1,anexar,anektować
spanish,C1,aniquilar,unicestwiać
spanish,C1,anular,anulować
spanish,C1,ungir,namaszczać
spanish,C1,contrariar,antagonizować
spanish,C1,apaciguar,łagodzić
spanish,C1,pertenecer,przynależeć
spanish,C1,arbitrar,rozsądzać
spanish,C1,despertar,wzbudzać
spanish,C1,procesar,oskarżać
spanish,C1,articular,wyrażać
spanish,C1,asentir,zgadzać się
spanish,C1,atestiguar,zaświadczać
spanish,C1,subastar,licytować
spanish,C1,auditar,rewidować
spanish,C1,evitar,odwracać
spanish,C1,acosar,dręczyć
spanish,C1,resistirse,wzbraniać się
spanish,C1,disfrutar,wygrzewać się
spanish,C1,menospreciar,umniejszać
spanish,C1,lamentar,opłakiwać
spanish,C1,confundir,oszałamiać
spanish,C1,legar,zapisywać w testamencie
spanish,C1,reprender,besztać
spanish,C1,suplicar,błagać
spanish,C1,sitiar,oblegać
spanish,C1,desconcertar,oszałamiać
spanish,C1,reñir,sprzeczać się
spanish,C1,chismorrear,wygadać
spanish,C1,chantajear,szantażować
spanish,C1,reforzar,wzmacniać
spanish,C1,blandir,wymachiwać
spanish,C1,infringir,naruszać
spanish,C1,incubar,rozmyślać
spanish,C1,intimidar,zastraszać
spanish,C1,chapucear,partaczyć
spanish,C1,animar,podtrzymywać na duchu
spanish,C1,florecer,rozwijać się
spanish,C1,apuntalar,podpierać
spanish,C1,camelar,nakłaniać
spanish,C1,calibrar,kalibrować
spanish,C1,hacer campaña,agitować
spanish,C1,capitular,kapitulować
spanish,C1,cautivar,urzekać
spanish,C1,acariciar,pieścić
spanish,C1,castigar,karać
spanish,C1,censurar,cenzurować
spanish,C1,castigar,karać
spanish,C1,hacer crónica,kronikować
spanish,C1,circunnavegar,opływać
spanish,C1,eludir,omijać
spanish,C1,coaccionar,zmuszać
spanish,C1,conmemorar,upamiętniać
spanish,C1,compadecerse,współczuć
spanish,C1,condensar,skraplać
spanish,C1,condonar,tolerować
spanish,C1,confiscar,konfiskować
spanish,C1,confundir,mieszać
spanish,C1,congelar,krzepnąć
spanish,C1,congregarse,gromadzić się
spanish,C1,conjurar,wyczarowywać
spanish,C1,connotar,kojarzyć się
spanish,C1,reclutar,pobierać do wojska
spanish,C1,consagrar,poświęcać
spanish,C1,contravenir,naruszać
spanish,C1,corroborar,potwierdzać
spanish,C1,encogerse,kulić się
spanish,C1,recortar,ograniczać
spanish,C1,incursionar,parać się
spanish,C1,amedrentar,zniechęcać
spanish,C1,debilitar,osłabiać
spanish,C1,desacreditar,demaskować
spanish,C1,diezmar,dziesiątkować
spanish,C1,deducir,odliczać
spanish,C1,difamar,zniesławiać
spanish,C1,defraudar,defraudować
spanish,C1,degenerar,degenerować się
spanish,C1,deshidratar,odwadniać
spanish,C1,deliberar,rozważać
spanish,C1,delinear,nakreślać
spanish,C1,engañar,łudzić
spanish,C1,demoler,burzyć
spanish,C1,denunciar,potępiać
spanish,C1,agotar,wyczerpywać
spanish,C1,deplorar,ubolewać
spanish,C1,desplegar,rozmieszczać
spanish,C1,deportar,deportować
spanish,C1,depravar,deprawować
spanish,C1,desaprobar,potępiać
spanish,C1,ridiculizar,szydzić
spanish,C1,profanar,bezcześcić
spanish,C1,designar,wyznaczać
spanish,C1,desistir,zaprzestawać
spanish,C1,desesperar,rozpaczać
spanish,C1,disuadir,odstraszać
spanish,C1,deteriorar,pogarszać się
spanish,C1,detestar,nienawidzić
spanish,C1,detonar,detonować
spanish,C1,restar,umniejszać
spanish,C1,devastar,dewastować
spanish,C1,desviarse,odbiegać
spanish,C1,idear,wymyślać
spanish,C1,devorar,pochłaniać
spanish,C1,dictar,dyktować
spanish,C1,diferenciar,różnicować
spanish,C1,difundir,rozpraszać
spanish,C1,divagar,robić dygresję
spanish,C1,dilatar,rozszerzać
spanish,C1,disminuir,zmniejszać
spanish,C1,incapacitar,okaleczać
spanish,C1,desarmar,rozbrajać
spanish,C1,disolver,rozwiązywać
spanish,C1,desembolsar,wypłacać
spanish,C1,descartar,odrzucać
spanish,C1,discernir,rozróżniać
spanish,C2,abnegar,wyrzekać się
spanish,C2,abrogar,uchylać
spanish,C2,fugarse,zbiec
spanish,C2,acceder,przystępować
spanish,C2,aducir,przytaczać
spanish,C2,adjudicar,rozsądzać
spanish,C2,esbozar,naszkicować
spanish,C2,engrandecer,powiększać
spanish,C2,asignar,przydzielać
spanish,C2,calmar,uspokajać
spanish,C2,amortizar,amortyzować
spanish,C2,anotar,opatrywać przypisami
spanish,C2,apostrofar,apostrofować
spanish,C2,informar,informować
spanish,C2,apropiarse,przywłaszczać
spanish,C2,arrogarse,uzurpować
spanish,C2,difamar,oczerniać
spanish,C2,aseverar,zapewniać
spanish,C2,mitigar,łagodzić
spanish,C2,expiar,odpokutować
spanish,C2,atrofiarse,zanikać
spanish,C2,atenuar,osłabiać
spanish,C2,afirmar,twierdzić
spanish,C2,engatusar,ogłupiać
spanish,C2,engalanar,przystrajać
spanish,C2,enlodar,ubłocić
spanish,C2,aturdir,ogłupiać
spanish,C2,engendrar,płodzić
spanish,C2,envidiar,zazdrościć
spanish,C2,seducir,uwodzić
spanish,C2,machacar,wałkować
spanish,C2,acosar,nękać
spanish,C2,desmentir,zadawać kłam
spanish,C2,deshonrar,plamić
spanish,C2,bifurcarse,rozdwajać się
spanish,C2,estafar,wyłudzać
spanish,C2,arruinar,niszczyć
spanish,C2,blandir,potrząsać
spanish,C2,soportar,znosić
spanish,C2,bruñir,polerować
spanish,C2,calumniar,oczerniać
spanish,C2,canonizar,kanonizować
spanish,C2,sondear,badać opinię
spanish,C2,criticar,narzekać
spanish,C2,poner pegas,czepiać się
spanish,C2,retozar,brykać
spanish,C2,escarmentar,karcić
spanish,C2,reprender,strofować
spanish,C2,circunscribir,ograniczać
spanish,C2,empalagar,przesycać
spanish,C2,fusionarse,łączyć się
spanish,C2,mimar,rozpieszczać
spanish,C2,cogitar,rozmyślać
spanish,C2,cotejar,porównywać
spanish,C2,comportarse,zachowywać się
spanish,C2,refundir,łączyć
spanish,C2,refutar,obalać
spanish,C2,confabularse,patrzeć przez palce
spanish,C2,consagrar,poświęcać
spanish,C2,interpretar,interpretować
spanish,C2,consumar,doprowadzać do końca
spanish,C2,despreciar,gardzić
spanish,C2,controvertir,kwestionować
spanish,C2,convocar,zwoływać
spanish,C2,brillar,błyszczeć
spanish,C2,mimar,pieścić
spanish,C2,aprobar,aprobować
spanish,C2,contraordenar,odwoływać
spanish,C2,engañar,oszukiwać
spanish,C2,incinerar,kremować
spanish,C2,culminar,kulminować
spanish,C2,perder el tiempo,bawić się
spanish,C2,degradar,poniżać
spanish,C2,criticar,potępiać
spanish,C2,desfigurar,szpecić
spanish,C2,desfalcar,defraudować
spanish,C2,defenestrar,wyrzucić przez okno
spanish,C2,delaminar,rozwarstwiać się
spanish,C2,objetar,wahać się
spanish,C2,denigrar,oczerniać
spanish,C2,desnudar,ogołacać
spanish,C2,deponer,detronizować
spanish,C2,depredar,rabować
spanish,C2,desarraigar,wykorzeniać
spanish,C2,divisar,dostrzegać
spanish,C2,despojar,łupić
spanish,C2,descamar,złuszczać się
spanish,C2,diatriba,diatryba
spanish,C2,difractar,uginać
spanish,C2,desengañar,wyprowadzać z błędu
spanish,C2,desafectar,zrażać
spanish,C2,repudiar,wyrzekać się
spanish,C2,desconcertar,peszyć
spanish,C2,desconcertar,zaskakiwać
spanish,C2,discurrir,dyskurs
spanish,C2,desenredar,rozplątywać
spanish,C2,vomitar,wyrzucać z siebie
spanish,C2,desgreñar,mierzwić
spanish,C2,desenterrar,odkopywać
spanish,C2,desprestigiar,dyskredytować
spanish,C2,divertirse,bawić się
spanish,C2,disimular,udawać
spanish,C2,diseminar,rozpowszechniać
spanish,C2,disipar,rozpraszać
spanish,C2,disociar,dystansować się
spanish,C2,distender,rozdymać
spanish,C2,divagar,błądzić
spanish,C2,despojar,pozbawiać
spanish,C2,divulgar,ujawniać
spanish,C2,dogmatizar,dogmatyzować
spanish,C2,encajar,pasować
spanish,C2,endulzar,osładzać
spanish,C2,escalonar,szczebel
spanish,C2,borrar,zacierać
spanish,C2,efervescer,musować
spanish,C2,eflorecer,kwitnąć
spanish,C2,efundir,wylewać
spanish,C2,salir,wychodzić
spanish,C2,eyacular,wytryskiwać
spanish,C2,elidir,pomijać
spanish,C2,elucidar,wyjaśniać
spanish,C2,emanar,emanować
spanish,C2,emancipar,emancypować
spanish,C2,embellecer,upiększać
spanish,C2,desfalcar,defraudować
spanish,C2,blasonar,ozdabiać
spanish,C2,repujar,wytłaczać
spanish,C2,enmendar,poprawiać
spanish,C2,emular,naśladować
spanish,C2,promulgar,uchwalać
spanish,C2,encapsular,streszczać
spanish,C2,invadir,naruszać
spanish,C2,estorbar,obciążać
spanish,C2,hacerse querer,przypodobać się
spanish,C2,enervar,osłabiać
spanish,C2,debilitar,osłabiać
spanish,C2,conceder derechos,udzielać praw
spanish,C2,engendrar,powodować
spanish,C2,grabar,grawerować
spanish,C2,absorber,pochłaniać
spanish,C2,ordenar,nakazywać
spanish,C2,enredar,wplątywać
spanish,C2,instalarse,zaszyć się
spanish,C2,consagrar,przechowywać
spanish,C2,atrapar,usidlać
spanish,C2,cautivar,oczarowywać
spanish,C2,suplicar,błagać
spanish,C2,enunciar,wymawiać
spanish,C2,envenenar,zatruwać
spanish,C2,visualizar,wyobrażać sobie
spanish,C2,personificar,być uosobieniem
spanish,C2,equivocar,mówić dwuznacznie
